pozycja,imię,liczba,udział,jedna na
1,Zuzanna,24673,0.0440467370638484,23
2,Julia,24008,0.04285956565593452,23
3,Zofia,22738,0.040592336049843344,25
4,Maja,21976,0.039231998286188646,25
5,Hanna,21763,0.03885174639162375,26
6,Lena,19911,0.03554551865108765,28
7,Alicja,16127,0.02879024555703332,35
8,Maria,15231,0.027190688291633566,37
9,Oliwia,14895,0.026590854317108656,38
10,Amelia,14038,0.025060920638037686,40
11,Laura,12820,0.022886522480384894,44
12,Wiktoria,12046,0.02150476207478287,47
13,Aleksandra,11897,0.02123876427060367,47
14,Emilia,11764,0.021001329989020896,48
15,Antonina,11496,0.02052289098553079,49
16,Pola,11282,0.020140853870803617,50
17,Marcelina,9852,0.017587989038748204,57
18,Natalia,9850,0.017584418598423652,57
19,Liliana,9507,0.016972088082762807,59
20,Iga,9105,0.016254429577527648,62
21,Helena,8519,0.015208290562433613,66
22,Gabriela,8216,0.01466736885326383,68
23,Michalina,8183,0.014608456587908703,68
24,Anna,7838,0.013992555631923307,71
25,Nadia,7508,0.013403432978372059,75
26,Klara,7277,0.012991047120886183,77
27,Kornelia,6877,0.012276959055975579,81
28,Milena,6322,0.011286161865912114,89
29,Jagoda,5834,0.010414974426721176,96
30,Łucja,5494,0.009807999571547162,102
31,Martyna,5431,0.009695530701323741,103
32,Blanka,5367,0.009581276610938045,104
33,Nikola,5358,0.009565209629477555,105
34,Nela,5026,0.008972516535601754,111
35,Kaja,4928,0.008797564959698655,114
36,Barbara,4609,0.008228079727932448,122
37,Weronika,4410,0.007872820915639421,127
38,Anastazja,4291,0.007660379716328517,131
39,Nina,4268,0.007619319652596156,131
40,Karolina,4212,0.007519347323508672,133
41,Agata,4152,0.007412234113772081,135
42,Magdalena,3838,0.006851674982817256,146
43,Lilianna,3749,0.006692790388374646,149
44,Matylda,3175,0.005668074015227928,176
45,Kinga,3064,0.005469914577215235,183
46,Aniela,3011,0.00537529790861458,186
47,Sara,2886,0.005152145388330016,194
48,Mia,2787,0.004975408592264641,201
49,Róża,2612,0.004662995063866251,214
50,Małgorzata,2427,0.004332729333845096,231
51,Kalina,2422,0.004323803233033714,231
52,Izabela,2413,0.004307736251573225,232
53,Joanna,2400,0.004284528389463631,233
54,Paulina,2396,0.004277387508814525,234
55,Eliza,2350,0.004195267381349805,238
56,Rozalia,2297,0.00410065071274915,244
57,Adrianna,2197,0.003922128696521499,255
58,Katarzyna,2043,0.0036472047915309157,274
59,Marta,2008,0.0035847220858512374,279
60,Ewa,1900,0.003391918308325374,295
61,Marianna,1815,0.0032401745945318705,309
62,Liwia,1811,0.0032330337138827647,309
63,Melania,1795,0.0032044701912863406,312
64,Dominika,1793,0.0032008997509617872,312
65,Urszula,1756,0.0031348466049575564,319
66,Lidia,1723,0.0030759343396024315,325
67,Klaudia,1695,0.003025948175058689,330
68,Aurelia,1689,0.00301523685408503,332
69,Malwina,1648,0.0029420428274316932,340
70,Patrycja,1618,0.002888486222563398,346
71,Gaja,1476,0.002634984959520133,380
72,Bianka,1429,0.002551079611893137,392
73,Olga,1384,0.0024707447045906935,405
74,Daria,1231,0.002197606019762387,455
75,Dorota,1141,0.002036936205157501,491
76,Zoja,1133,0.0020226544438592888,494
77,Kamila,1111,0.0019833796002892055,504
78,Apolonia,1053,0.001879836830877168,532
79,Marika,1006,0.0017959314832501718,557
80,Ada,1005,0.0017941462630878954,557
81,Wanda,1000,0.0017852201622765127,560
82,Ida,997,0.0017798645017896833,562
83,Jagna,936,0.0016709660718908159,598
84,Diana,916,0.0016352616686452857,612
85,Elena,852,0.0015210075782595889,657
86,Dagmara,805,0.0014371022306325927,696
87,Rita,770,0.0013746195249529148,727
88,Olivia,769,0.0013728343047906383,728
89,Sandra,756,0.0013496264426810436,741
90,Inga,749,0.0013371299015451082,748
91,Roksana,741,0.0013228481402468959,756
92,Stefania,732,0.0013067811587864073,765
93,Lilia,720,0.0012853585168390892,778
94,Luiza,699,0.0012478688934312824,801
95,Agnieszka,686,0.0012246610313216878,817
96,Jadwiga,670,0.0011960975087252634,836
97,Jowita,633,0.0011300443627210327,885
98,Emma,632,0.001128259142558756,886
99,Karina,601,0.0010729173175281841,932
100,Monika,596,0.0010639912167168016,940
101,Nel,582,0.0010389981344449304,962
102,Elżbieta,580,0.0010354276941203775,966
103,Sofia,571,0.0010193607126598888,981
104,Lea,547,0.0009765154287652524,1024
105,Tola,543,0.0009693745481161464,1032
106,Janina,542,0.0009675893279538699,1033
107,Justyna,536,0.0009568780069802109,1045
108,Marlena,509,0.000908677062598745,1101
109,Natasza,504,0.0008997509617873625,1111
110,Julita,501,0.0008943953013005329,1118
111,Lara,479,0.0008551204577304496,1169
112,Jaśmina,477,0.0008515500174058966,1174
113,Adela,476,0.0008497647972436201,1177
114,Lila,472,0.000842623916594514,1187
115,Celina,467,0.0008336978157831315,1199
116,Alina,434,0.0007747855504280065,1291
117,Sonia,421,0.0007515776883184118,1331
118,Victoria,408,0.0007283698262088172,1373
119,Vanessa,391,0.0006980210834501164,1433
120,Krystyna,391,0.0006980210834501164,1433
121,Anita,388,0.000692665422963287,1444
122,Ewelina,383,0.0006837393221519044,1463
123,Julianna,365,0.0006516053592309271,1535
124,Izabella,364,0.0006498201390686506,1539
125,Felicja,361,0.0006444644785818211,1552
126,Noemi,338,0.0006034044148494613,1657
127,Konstancja,338,0.0006034044148494613,1657
128,Estera,330,0.0005891226535512492,1697
129,Judyta,322,0.0005748408922530372,1740
130,Otylia,319,0.0005694852317662076,1756
131,Nicola,304,0.0005427069293320599,1843
132,Faustyna,296,0.0005284251680338478,1892
133,Sabina,285,0.0005087877462488062,1965
134,Paula,280,0.0004998616454374235,2001
135,Mila,271,0.00048379466397693497,2067
136,Maya,264,0.00047129812284099935,2122
137,Livia,263,0.00046951290267872284,2130
138,Teresa,246,0.00043916415992002213,2277
139,Antonia,241,0.0004302380591086396,2324
140,Inka,231,0.00041238585748587444,2425
141,Sylwia,226,0.0004034597566744919,2479
142,Irena,225,0.0004016745365122154,2490
143,Lucyna,221,0.00039453365586310934,2535
144,Florentyna,219,0.00039096321553855627,2558
145,Gloria,211,0.0003766814542403442,2655
146,Ines,210,0.0003748962340780677,2667
147,Danuta,209,0.0003731110139157912,2680
148,Amanda,208,0.00037132579375351467,2693
149,Franciszka,206,0.00036775535342896165,2719
150,Oktawia,205,0.0003659701332666851,2732
151,Malina,198,0.0003534735921307495,2829
152,Milana,191,0.00034097705099481396,2933
153,Klementyna,190,0.0003391918308325374,2948
154,Viktoria,187,0.00033383617034570787,2995
155,Adriana,183,0.00032669528969660183,3061
156,Tamara,180,0.0003213396292097723,3112
157,Magda,179,0.0003195544090474958,3129
158,Edyta,173,0.0003088430880738367,3238
159,Ola,170,0.00030348742758700716,3295
160,Aneta,167,0.00029813176710017763,3354
161,Ariana,157,0.0002802795654774125,3568
162,Honorata,149,0.0002659978041792004,3759
163,Jessica,148,0.0002642125840169239,3785
164,Nicole,147,0.0002624273638546474,3811
165,Mira,147,0.0002624273638546474,3811
166,Angelika,140,0.0002499308227187118,4001
167,Aurora,140,0.0002499308227187118,4001
168,Kira,140,0.0002499308227187118,4001
169,Jana,139,0.00024814560255643527,4030
170,Stella,138,0.00024636038239415876,4059
171,Beata,136,0.00024278994206960574,4119
172,Alisa,135,0.00024100472190732923,4149
173,Sophie,133,0.00023743428158277618,4212
174,Larysa,133,0.00023743428158277618,4212
175,Józefina,132,0.00023564906142049967,4244
176,Emily,131,0.00023386384125822317,4276
177,Tatiana,128,0.00022850818077139364,4376
178,Miriam,128,0.00022850818077139364,4376
179,Sophia,127,0.00022672296060911713,4411
180,Marietta,123,0.00021958207996001106,4554
181,Roma,118,0.0002106559791486285,4747
182,Samanta,117,0.00020887075898635198,4788
183,Hana,115,0.00020530031866179896,4871
184,Dobrawa,115,0.00020530031866179896,4871
185,Cecylia,112,0.00019994465817496944,5001
186,Naomi,112,0.00019994465817496944,5001
187,Halina,111,0.00019815943801269293,5046
188,Olimpia,111,0.00019815943801269293,5046
189,Anastasia,110,0.0001963742178504164,5092
190,Idalia,110,0.0001963742178504164,5092
191,Zoe,109,0.00019458899768813988,5139
192,Inez,108,0.00019280377752586337,5187
193,Andżelika,106,0.00018923333720131035,5284
194,Marcela,103,0.00018387767671448083,5438
195,Wanessa,103,0.00018387767671448083,5438
196,Letycja,103,0.00018387767671448083,5438
197,Polina,102,0.0001820924565522043,5492
198,Marcjanna,101,0.00018030723638992778,5546
199,Melisa,98,0.00017495157590309825,5716
200,Irmina,95,0.0001695959154162687,5896
201,Jolanta,93,0.00016602547509171568,6023
202,Lilla,93,0.00016602547509171568,6023
203,Zlata,93,0.00016602547509171568,6023
204,Nastia,92,0.00016424025492943917,6089
205,Dalia,92,0.00016424025492943917,6089
206,Nelia,92,0.00016424025492943917,6089
207,Ilona,91,0.00016245503476716266,6156
208,Carmen,90,0.00016066981460488615,6224
209,Lily,89,0.00015888459444260964,6294
210,Marina,88,0.00015709937428033313,6365
211,Wioletta,87,0.0001553141541180566,6439
212,Lilly,84,0.00014995849363122707,6669
213,Eva,84,0.00014995849363122707,6669
214,Hiacynta,83,0.00014817327346895056,6749
215,Sofiia,81,0.00014460283314439754,6915
216,Luna,80,0.00014281761298212103,7002
217,Nella,79,0.0001410323928198445,7091
218,Iwona,75,0.00013389151217073846,7469
219,Laila,75,0.00013389151217073846,7469
220,Selena,74,0.00013210629200846195,7570
221,Melissa,73,0.00013032107184618544,7673
222,Lili,73,0.00013032107184618544,7673
223,Bogna,72,0.0001285358516839089,7780
224,Bianca,71,0.0001267506315216324,7890
225,Ina,70,0.0001249654113593559,8002
226,Gabriella,68,0.00012139497103480287,8238
227,Ksenia,68,0.00012139497103480287,8238
228,Bogumiła,68,0.00012139497103480287,8238
229,Hannah,67,0.00011960975087252636,8361
230,Abigail,66,0.00011782453071024984,8487
231,Leila,65,0.00011603931054797333,8618
232,Waleria,65,0.00011603931054797333,8618
233,Sofija,65,0.00011603931054797333,8618
234,Alexandra,64,0.00011425409038569682,8752
235,Lia,63,0.00011246887022342031,8891
236,Mirella,62,0.00011068365006114379,9035
237,Zoya,61,0.00010889842989886728,9183
238,Arina,61,0.00010889842989886728,9183
239,Daniela,60,0.00010711320973659077,9336
240,Nika,60,0.00010711320973659077,9336
241,Maryla,59,0.00010532798957431425,9494
242,Clara,58,0.00010354276941203774,9658
243,Anika,58,0.00010354276941203774,9658
244,Veronika,58,0.00010354276941203774,9658
245,Jasmina,58,0.00010354276941203774,9658
246,Halszka,57,0.00010175754924976123,9827
247,Greta,57,0.00010175754924976123,9827
248,Kaya,56,9.997232908748472e-05,10003
249,Sarah,56,9.997232908748472e-05,10003
250,Dobrosława,55,9.81871089252082e-05,10185
251,Nikol,55,9.81871089252082e-05,10185
252,Michelle,53,9.461666860065518e-05,10569
253,Adelina,53,9.461666860065518e-05,10569
254,Zuza,52,9.283144843837867e-05,10772
255,Berenika,51,9.104622827610215e-05,10983
256,Layla,51,9.104622827610215e-05,10983
257,Gaia,50,8.926100811382564e-05,11203
258,Eleonora,50,8.926100811382564e-05,11203
259,Nelly,49,8.747578795154913e-05,11432
260,Iza,49,8.747578795154913e-05,11432
261,Marzena,46,8.212012746471959e-05,12177
262,Alice,46,8.212012746471959e-05,12177
263,Oksana,45,8.033490730244308e-05,12448
264,Leyla,45,8.033490730244308e-05,12448
265,Isabella,44,7.854968714016657e-05,12731
266,Leonia,43,7.676446697789004e-05,13027
267,Flora,43,7.676446697789004e-05,13027
268,Zosia,43,7.676446697789004e-05,13027
269,Oriana,42,7.497924681561354e-05,13337
270,Arianna,42,7.497924681561354e-05,13337
271,Charlotte,42,7.497924681561354e-05,13337
272,Mirosława,42,7.497924681561354e-05,13337
273,Lukrecja,41,7.319402665333703e-05,13662
274,Majka,40,7.140880649106052e-05,14004
275,Noelia,40,7.140880649106052e-05,14004
276,Vivien,40,7.140880649106052e-05,14004
277,Katia,40,7.140880649106052e-05,14004
278,Nell,40,7.140880649106052e-05,14004
279,Dobromiła,40,7.140880649106052e-05,14004
280,Elwira,39,6.9623586328784e-05,14363
281,Bożena,38,6.783836616650748e-05,14741
282,Marita,38,6.783836616650748e-05,14741
283,Stanisława,38,6.783836616650748e-05,14741
284,Alicia,37,6.605314600423098e-05,15139
285,Renata,37,6.605314600423098e-05,15139
286,Ella,37,6.605314600423098e-05,15139
287,Arleta,36,6.426792584195445e-05,15560
288,Mija,36,6.426792584195445e-05,15560
289,Natalie,35,6.248270567967794e-05,16004
290,Angelina,35,6.248270567967794e-05,16004
291,Elizabeth,35,6.248270567967794e-05,16004
292,Nadzieja,34,6.0697485517401435e-05,16475
293,Pamela,34,6.0697485517401435e-05,16475
294,Wanesa,33,5.891226535512492e-05,16974
295,Kasandra,33,5.891226535512492e-05,16974
296,Ludmiła,33,5.891226535512492e-05,16974
297,Miłosława,33,5.891226535512492e-05,16974
298,Leokadia,33,5.891226535512492e-05,16974
299,Dobrochna,32,5.712704519284841e-05,17505
300,Anatola,32,5.712704519284841e-05,17505
301,Hania,32,5.712704519284841e-05,17505
302,Żaneta,31,5.5341825030571893e-05,18070
303,Elisa,30,5.3556604868295384e-05,18672
304,Chloe,30,5.3556604868295384e-05,18672
305,Mariia,30,5.3556604868295384e-05,18672
306,Ariadna,29,5.177138470601887e-05,19316
307,Karmen,29,5.177138470601887e-05,19316
308,Eliana,29,5.177138470601887e-05,19316
309,Kora,29,5.177138470601887e-05,19316
310,Aria,29,5.177138470601887e-05,19316
311,Lisa,29,5.177138470601887e-05,19316
312,Oleksandra,29,5.177138470601887e-05,19316
313,Ofelia,29,5.177138470601887e-05,19316
314,Linda,29,5.177138470601887e-05,19316
315,Mariola,28,4.998616454374236e-05,20006
316,Nicol,28,4.998616454374236e-05,20006
317,Lucy,28,4.998616454374236e-05,20006
318,Amina,28,4.998616454374236e-05,20006
319,Dagna,28,4.998616454374236e-05,20006
320,Janka,28,4.998616454374236e-05,20006
321,Jasmin,27,4.820094438146584e-05,20746
322,Kiara,27,4.820094438146584e-05,20746
323,Melanie,27,4.820094438146584e-05,20746
324,Ludwika,27,4.820094438146584e-05,20746
325,Balbina,27,4.820094438146584e-05,20746
326,Jasmine,26,4.6415724219189334e-05,21544
327,Matilda,25,4.463050405691282e-05,22406
328,Dżesika,25,4.463050405691282e-05,22406
329,Bella,25,4.463050405691282e-05,22406
330,Anastasiia,25,4.463050405691282e-05,22406
331,Lilli,25,4.463050405691282e-05,22406
332,Amira,25,4.463050405691282e-05,22406
333,Kateryna,25,4.463050405691282e-05,22406
334,Solomiia,25,4.463050405691282e-05,22406
335,Evelina,25,4.463050405691282e-05,22406
336,Olena,25,4.463050405691282e-05,22406
337,Sabrina,25,4.463050405691282e-05,22406
338,Varvara,25,4.463050405691282e-05,22406
339,Cataleya,24,4.284528389463631e-05,23340
340,Lorena,24,4.284528389463631e-05,23340
341,Astrid,24,4.284528389463631e-05,23340
342,Debora,24,4.284528389463631e-05,23340
343,Iliana,24,4.284528389463631e-05,23340
344,Kayla,24,4.284528389463631e-05,23340
345,Emiliia,24,4.284528389463631e-05,23340
346,Kataleja,23,4.106006373235979e-05,24355
347,Samira,23,4.106006373235979e-05,24355
348,Grażyna,23,4.106006373235979e-05,24355
349,Margarita,23,4.106006373235979e-05,24355
350,Valeria,23,4.106006373235979e-05,24355
351,Ana,23,4.106006373235979e-05,24355
352,Juliana,23,4.106006373235979e-05,24355
353,Adelajda,23,4.106006373235979e-05,24355
354,Erika,23,4.106006373235979e-05,24355
355,Gracja,23,4.106006373235979e-05,24355
356,Vivienne,22,3.9274843570083284e-05,25462
357,Celestyna,22,3.9274843570083284e-05,25462
358,Regina,22,3.9274843570083284e-05,25462
359,Manuela,22,3.9274843570083284e-05,25462
360,Valentina,22,3.9274843570083284e-05,25462
361,Veronica,22,3.9274843570083284e-05,25462
362,Roxana,21,3.748962340780677e-05,26674
363,Claudia,21,3.748962340780677e-05,26674
364,Larissa,21,3.748962340780677e-05,26674
365,Nastazja,21,3.748962340780677e-05,26674
366,Wioleta,21,3.748962340780677e-05,26674
367,Yasmin,21,3.748962340780677e-05,26674
368,Larisa,21,3.748962340780677e-05,26674
369,Alena,21,3.748962340780677e-05,26674
370,Wiwiana,20,3.570440324553026e-05,28008
371,Liza,20,3.570440324553026e-05,28008
372,Simona,20,3.570440324553026e-05,28008
373,Daryna,20,3.570440324553026e-05,28008
374,Melody,20,3.570440324553026e-05,28008
375,Mika,20,3.570440324553026e-05,28008
376,Nawojka,20,3.570440324553026e-05,28008
377,Anabella,20,3.570440324553026e-05,28008
378,Bernadeta,20,3.570440324553026e-05,28008
379,Kaia,19,3.391918308325374e-05,29482
380,Miranda,19,3.391918308325374e-05,29482
381,Marie,19,3.391918308325374e-05,29482
382,Aya,19,3.391918308325374e-05,29482
383,Zyta,19,3.391918308325374e-05,29482
384,Alia,19,3.391918308325374e-05,29482
385,Francesca,19,3.391918308325374e-05,29482
386,Marysia,19,3.391918308325374e-05,29482
387,Elizaveta,19,3.391918308325374e-05,29482
388,Ayla,19,3.391918308325374e-05,29482
389,Kamelia,19,3.391918308325374e-05,29482
390,Lina,19,3.391918308325374e-05,29482
391,Rose,19,3.391918308325374e-05,29482
392,Eryka,18,3.2133962920977226e-05,31120
393,Cornelia,18,3.2133962920977226e-05,31120
394,Martina,18,3.2133962920977226e-05,31120
395,Anatolia,18,3.2133962920977226e-05,31120
396,Mela,18,3.2133962920977226e-05,31120
397,Walentyna,18,3.2133962920977226e-05,31120
398,Sofie,17,3.0348742758700717e-05,32950
399,Elif,17,3.0348742758700717e-05,32950
400,Rosa,17,3.0348742758700717e-05,32950
401,Andrea,17,3.0348742758700717e-05,32950
402,Malika,17,3.0348742758700717e-05,32950
403,Rebeka,17,3.0348742758700717e-05,32950
404,Aisha,17,3.0348742758700717e-05,32950
405,Lija,17,3.0348742758700717e-05,32950
406,Luisa,17,3.0348742758700717e-05,32950
407,Salma,17,3.0348742758700717e-05,32950
408,Amy,17,3.0348742758700717e-05,32950
409,Brygida,17,3.0348742758700717e-05,32950
410,Dajana,17,3.0348742758700717e-05,32950
411,Jennifer,17,3.0348742758700717e-05,32950
412,Maryam,17,3.0348742758700717e-05,32950
413,Susanna,17,3.0348742758700717e-05,32950
414,Yeva,17,3.0348742758700717e-05,32950
415,Kesja,16,2.8563522596424205e-05,35010
416,Zara,16,2.8563522596424205e-05,35010
417,Amelie,16,2.8563522596424205e-05,35010
418,Arya,16,2.8563522596424205e-05,35010
419,Tosia,16,2.8563522596424205e-05,35010
420,Viktoriia,16,2.8563522596424205e-05,35010
421,Leah,16,2.8563522596424205e-05,35010
422,Megan,16,2.8563522596424205e-05,35010
423,Polianna,16,2.8563522596424205e-05,35010
424,Kristina,16,2.8563522596424205e-05,35010
425,Ismena,16,2.8563522596424205e-05,35010
426,Leia,16,2.8563522596424205e-05,35010
427,Emanuela,16,2.8563522596424205e-05,35010
428,Tulia,15,2.6778302434147692e-05,37344
429,Florencja,15,2.6778302434147692e-05,37344
430,Ivanka,15,2.6778302434147692e-05,37344
431,Maia,15,2.6778302434147692e-05,37344
432,Tina,15,2.6778302434147692e-05,37344
433,Elina,15,2.6778302434147692e-05,37344
434,Filomena,15,2.6778302434147692e-05,37344
435,Nikoletta,14,2.499308227187118e-05,40011
436,Fatima,14,2.499308227187118e-05,40011
437,Violetta,14,2.499308227187118e-05,40011
438,Leticia,14,2.499308227187118e-05,40011
439,Ligia,14,2.499308227187118e-05,40011
440,Ava,14,2.499308227187118e-05,40011
441,Blanca,14,2.499308227187118e-05,40011
442,Bogusława,14,2.499308227187118e-05,40011
443,Cyntia,14,2.499308227187118e-05,40011
444,Vera,14,2.499308227187118e-05,40011
445,Bronisława,14,2.499308227187118e-05,40011
446,Flawia,14,2.499308227187118e-05,40011
447,Yelyzaveta,14,2.499308227187118e-05,40011
448,Florianna,13,2.3207862109594667e-05,43089
449,Salomea,13,2.3207862109594667e-05,43089
450,Uliana,13,2.3207862109594667e-05,43089
451,Aida,13,2.3207862109594667e-05,43089
452,Chanel,13,2.3207862109594667e-05,43089
453,Miła,13,2.3207862109594667e-05,43089
454,Rosalia,13,2.3207862109594667e-05,43089
455,Cirilla,13,2.3207862109594667e-05,43089
456,Rachela,13,2.3207862109594667e-05,43089
457,Frida,13,2.3207862109594667e-05,43089
458,Solomija,13,2.3207862109594667e-05,43089
459,Yana,13,2.3207862109594667e-05,43089
460,Viviana,12,2.1422641947318154e-05,46680
461,Ariela,12,2.1422641947318154e-05,46680
462,Chiara,12,2.1422641947318154e-05,46680
463,Gracjana,12,2.1422641947318154e-05,46680
464,Latika,12,2.1422641947318154e-05,46680
465,Bernadetta,12,2.1422641947318154e-05,46680
466,Milla,12,2.1422641947318154e-05,46680
467,Maryna,12,2.1422641947318154e-05,46680
468,Sawa,12,2.1422641947318154e-05,46680
469,Warwara,12,2.1422641947318154e-05,46680
470,Emila,11,1.9637421785041642e-05,50923
471,Elisabeth,11,1.9637421785041642e-05,50923
472,Safiya,11,1.9637421785041642e-05,50923
473,Angela,11,1.9637421785041642e-05,50923
474,Michaela,11,1.9637421785041642e-05,50923
475,Scarlett,11,1.9637421785041642e-05,50923
476,Yasmina,11,1.9637421785041642e-05,50923
477,Emili,11,1.9637421785041642e-05,50923
478,Leonie,11,1.9637421785041642e-05,50923
479,Malena,11,1.9637421785041642e-05,50923
480,Molly,11,1.9637421785041642e-05,50923
481,Yasmine,11,1.9637421785041642e-05,50923
482,Zarina,11,1.9637421785041642e-05,50923
483,Ruta,11,1.9637421785041642e-05,50923
484,Arletta,11,1.9637421785041642e-05,50923
485,Darina,11,1.9637421785041642e-05,50923
486,Lana,11,1.9637421785041642e-05,50923
487,Lucja,11,1.9637421785041642e-05,50923
488,Wera,11,1.9637421785041642e-05,50923
489,Neli,11,1.9637421785041642e-05,50923
490,Miia,11,1.9637421785041642e-05,50923
491,Ingrid,10,1.785220162276513e-05,56015
492,Giulia,10,1.785220162276513e-05,56015
493,Jagienka,10,1.785220162276513e-05,56015
494,Mariam,10,1.785220162276513e-05,56015
495,Raisa,10,1.785220162276513e-05,56015
496,Samantha,10,1.785220162276513e-05,56015
497,Donata,10,1.785220162276513e-05,56015
498,Ellie,10,1.785220162276513e-05,56015
499,Freja,10,1.785220162276513e-05,56015
500,Ivy,10,1.785220162276513e-05,56015
501,Mirela,10,1.785220162276513e-05,56015
502,Pia,10,1.785220162276513e-05,56015
503,Rut,10,1.785220162276513e-05,56015
504,Wiera,10,1.785220162276513e-05,56015
505,Amalia,10,1.785220162276513e-05,56015
506,Carla,10,1.785220162276513e-05,56015
507,Iris,10,1.785220162276513e-05,56015
508,Miya,10,1.785220162276513e-05,56015
509,Solomia,10,1.785220162276513e-05,56015
510,Zlatoslava,10,1.785220162276513e-05,56015
511,Freya,10,1.785220162276513e-05,56015
512,Chloé,10,1.785220162276513e-05,56015
513,Miroslava,10,1.785220162276513e-05,56015
514,Marieta,9,1.6066981460488613e-05,62239
515,Petra,9,1.6066981460488613e-05,62239
516,Aldona,9,1.6066981460488613e-05,62239
517,Isabel,9,1.6066981460488613e-05,62239
518,Margaryta,9,1.6066981460488613e-05,62239
519,Poliana,9,1.6066981460488613e-05,62239
520,Valeriia,9,1.6066981460488613e-05,62239
521,Aisza,9,1.6066981460488613e-05,62239
522,Anabel,9,1.6066981460488613e-05,62239
523,Helen,9,1.6066981460488613e-05,62239
524,Karla,9,1.6066981460488613e-05,62239
525,Léa,9,1.6066981460488613e-05,62239
526,Karen,9,1.6066981460488613e-05,62239
527,Alma,9,1.6066981460488613e-05,62239
528,Oliviia,9,1.6066981460488613e-05,62239
529,Heidi,8,1.4281761298212102e-05,70019
530,Ellen,8,1.4281761298212102e-05,70019
531,Aliya,8,1.4281761298212102e-05,70019
532,Bao Anh,8,1.4281761298212102e-05,70019
533,Natasha,8,1.4281761298212102e-05,70019
534,Nelli,8,1.4281761298212102e-05,70019
535,Susanne,8,1.4281761298212102e-05,70019
536,Adel,8,1.4281761298212102e-05,70019
537,Alisha,8,1.4281761298212102e-05,70019
538,Aylin,8,1.4281761298212102e-05,70019
539,Bogdana,8,1.4281761298212102e-05,70019
540,Grace,8,1.4281761298212102e-05,70019
541,Kamilla,8,1.4281761298212102e-05,70019
542,Marisa,8,1.4281761298212102e-05,70019
543,Vivian,8,1.4281761298212102e-05,70019
544,Alexia,8,1.4281761298212102e-05,70019
545,Alita,8,1.4281761298212102e-05,70019
546,Carolina,8,1.4281761298212102e-05,70019
547,Jewa,8,1.4281761298212102e-05,70019
548,Lejla,8,1.4281761298212102e-05,70019
549,Lucia,8,1.4281761298212102e-05,70019
550,Marija,8,1.4281761298212102e-05,70019
551,Selina,8,1.4281761298212102e-05,70019
552,Teodozja,8,1.4281761298212102e-05,70019
553,Thea,8,1.4281761298212102e-05,70019
554,Żaklina,8,1.4281761298212102e-05,70019
555,Ulyana,8,1.4281761298212102e-05,70019
556,Radochna,8,1.4281761298212102e-05,70019
557,Tekla,8,1.4281761298212102e-05,70019
558,Mikaela,8,1.4281761298212102e-05,70019
559,Afina,8,1.4281761298212102e-05,70019
560,Ela,7,1.249654113593559e-05,80022
561,Alana,7,1.249654113593559e-05,80022
562,Eleanor,7,1.249654113593559e-05,80022
563,Liana,7,1.249654113593559e-05,80022
564,Zoey,7,1.249654113593559e-05,80022
565,Amber,7,1.249654113593559e-05,80022
566,Annabelle,7,1.249654113593559e-05,80022
567,India,7,1.249654113593559e-05,80022
568,Isla,7,1.249654113593559e-05,80022
569,Katrina,7,1.249654113593559e-05,80022
570,Nikolina,7,1.249654113593559e-05,80022
571,Alessia,7,1.249654113593559e-05,80022
572,Eleni,7,1.249654113593559e-05,80022
573,Erin,7,1.249654113593559e-05,80022
574,Eulalia,7,1.249654113593559e-05,80022
575,Irina,7,1.249654113593559e-05,80022
576,Suzanna,7,1.249654113593559e-05,80022
577,Vira,7,1.249654113593559e-05,80022
578,Mary,7,1.249654113593559e-05,80022
579,Żywia,7,1.249654113593559e-05,80022
580,Eunika,7,1.249654113593559e-05,80022
581,Noa,7,1.249654113593559e-05,80022
582,Anastasiya,7,1.249654113593559e-05,80022
583,Anastasija,7,1.249654113593559e-05,80022
584,Lilit,7,1.249654113593559e-05,80022
585,Miłka,7,1.249654113593559e-05,80022
586,Katerina,7,1.249654113593559e-05,80022
587,Ula,7,1.249654113593559e-05,80022
588,Anaya,7,1.249654113593559e-05,80022
589,Mariana,6,1.0711320973659077e-05,93359
590,Dina,6,1.0711320973659077e-05,93359
591,Elise,6,1.0711320973659077e-05,93359
592,Esmeralda,6,1.0711320973659077e-05,93359
593,Fabiola,6,1.0711320973659077e-05,93359
594,Léna,6,1.0711320973659077e-05,93359
595,Magnolia,6,1.0711320973659077e-05,93359
596,Nataliia,6,1.0711320973659077e-05,93359
597,Pelagia,6,1.0711320973659077e-05,93359
598,Rosalie,6,1.0711320973659077e-05,93359
599,Ruby,6,1.0711320973659077e-05,93359
600,Xenia,6,1.0711320973659077e-05,93359
601,Anabell,6,1.0711320973659077e-05,93359
602,Dana,6,1.0711320973659077e-05,93359
603,Elizabet,6,1.0711320973659077e-05,93359
604,Gabi,6,1.0711320973659077e-05,93359
605,Ivanna,6,1.0711320973659077e-05,93359
606,Kleopatra,6,1.0711320973659077e-05,93359
607,Madlen,6,1.0711320973659077e-05,93359
608,Ramona,6,1.0711320973659077e-05,93359
609,Susan,6,1.0711320973659077e-05,93359
610,Vanesa,6,1.0711320973659077e-05,93359
611,Rosie,6,1.0711320973659077e-05,93359
612,Nadine,6,1.0711320973659077e-05,93359
613,Jessika,6,1.0711320973659077e-05,93359
614,Naira,6,1.0711320973659077e-05,93359
615,Katja,6,1.0711320973659077e-05,93359
616,Kasjana,6,1.0711320973659077e-05,93359
617,Dąbrówka,6,1.0711320973659077e-05,93359
618,Soraja,6,1.0711320973659077e-05,93359
619,Eugenia,6,1.0711320973659077e-05,93359
620,Teona,6,1.0711320973659077e-05,93359
621,Teodora,6,1.0711320973659077e-05,93359
622,Zoi,6,1.0711320973659077e-05,93359
623,Emi,6,1.0711320973659077e-05,93359
624,Jesika,5,8.926100811382565e-06,112031
625,Sława,5,8.926100811382565e-06,112031
626,Tetiana,5,8.926100811382565e-06,112031
627,Aila,5,8.926100811382565e-06,112031
628,Alya,5,8.926100811382565e-06,112031
629,Asya,5,8.926100811382565e-06,112031
630,Daniella,5,8.926100811382565e-06,112031
631,Kajra,5,8.926100811382565e-06,112031
632,Lilian,5,8.926100811382565e-06,112031
633,Margaret,5,8.926100811382565e-06,112031
634,Masza,5,8.926100811382565e-06,112031
635,Melani,5,8.926100811382565e-06,112031
636,Nila,5,8.926100811382565e-06,112031
637,Otolia,5,8.926100811382565e-06,112031
638,Selma,5,8.926100811382565e-06,112031
639,Aaliyah,5,8.926100811382565e-06,112031
640,Claire,5,8.926100811382565e-06,112031
641,Gia Han,5,8.926100811382565e-06,112031
642,Iman,5,8.926100811382565e-06,112031
643,Józefa,5,8.926100811382565e-06,112031
644,Lilliana,5,8.926100811382565e-06,112031
645,Louise,5,8.926100811382565e-06,112031
646,Nora,5,8.926100811382565e-06,112031
647,Semiliana,5,8.926100811382565e-06,112031
648,Sienna,5,8.926100811382565e-06,112031
649,Sofi,5,8.926100811382565e-06,112031
650,Syntia,5,8.926100811382565e-06,112031
651,Uljana,5,8.926100811382565e-06,112031
652,Holly,5,8.926100811382565e-06,112031
653,Carmela,5,8.926100811382565e-06,112031
654,Zoë,5,8.926100811382565e-06,112031
655,Florence,5,8.926100811382565e-06,112031
656,Isabela,5,8.926100811382565e-06,112031
657,An Nhien,5,8.926100811382565e-06,112031
658,Suzana,5,8.926100811382565e-06,112031
659,Zoé,5,8.926100811382565e-06,112031
660,Khrystyna,5,8.926100811382565e-06,112031
661,Vivianna,5,8.926100811382565e-06,112031
662,Delia,5,8.926100811382565e-06,112031
663,Meghan,5,8.926100811382565e-06,112031
664,Kazimiera,5,8.926100811382565e-06,112031
665,Wiesława,5,8.926100811382565e-06,112031
666,Kala,5,8.926100811382565e-06,112031
667,Melaniia,5,8.926100811382565e-06,112031
668,Iness,5,8.926100811382565e-06,112031
669,Athena,4,7.140880649106051e-06,140039
670,Audrey,4,7.140880649106051e-06,140039
671,Elsa,4,7.140880649106051e-06,140039
672,Georgia,4,7.140880649106051e-06,140039
673,Julie,4,7.140880649106051e-06,140039
674,Madeleine,4,7.140880649106051e-06,140039
675,Savannah,4,7.140880649106051e-06,140039
676,Selin,4,7.140880649106051e-06,140039
677,Tessa,4,7.140880649106051e-06,140039
678,Adelia,4,7.140880649106051e-06,140039
679,Alissia,4,7.140880649106051e-06,140039
680,Amaia,4,7.140880649106051e-06,140039
681,Amélia,4,7.140880649106051e-06,140039
682,Anelia,4,7.140880649106051e-06,140039
683,Arlena,4,7.140880649106051e-06,140039
684,Asiya,4,7.140880649106051e-06,140039
685,Augustyna,4,7.140880649106051e-06,140039
686,Ayşe,4,7.140880649106051e-06,140039
687,Caroline,4,7.140880649106051e-06,140039
688,Celia,4,7.140880649106051e-06,140039
689,Celine,4,7.140880649106051e-06,140039
690,Cynthia,4,7.140880649106051e-06,140039
691,Ema,4,7.140880649106051e-06,140039
692,Gabryjela,4,7.140880649106051e-06,140039
693,Iwa,4,7.140880649106051e-06,140039
694,Iwanka,4,7.140880649106051e-06,140039
695,Jaga,4,7.140880649106051e-06,140039
696,Lusi,4,7.140880649106051e-06,140039
697,Margot,4,7.140880649106051e-06,140039
698,Masha,4,7.140880649106051e-06,140039
699,Nadin,4,7.140880649106051e-06,140039
700,Nadja,4,7.140880649106051e-06,140039
701,Naila,4,7.140880649106051e-06,140039
702,Roza,4,7.140880649106051e-06,140039
703,Sofía,4,7.140880649106051e-06,140039
704,Sumaya,4,7.140880649106051e-06,140039
705,Talia,4,7.140880649106051e-06,140039
706,Zoria,4,7.140880649106051e-06,140039
707,Zuzana,4,7.140880649106051e-06,140039
708,Felicyta,4,7.140880649106051e-06,140039
709,Patricia,4,7.140880649106051e-06,140039
710,Amara,4,7.140880649106051e-06,140039
711,Octavia,4,7.140880649106051e-06,140039
712,Felicia,4,7.140880649106051e-06,140039
713,Amaya,4,7.140880649106051e-06,140039
714,Floriana,4,7.140880649106051e-06,140039
715,Paola,4,7.140880649106051e-06,140039
716,Shanaya,4,7.140880649106051e-06,140039
717,Tereza,4,7.140880649106051e-06,140039
718,Apollonia,4,7.140880649106051e-06,140039
719,Miroslawa,4,7.140880649106051e-06,140039
720,Zoriana,4,7.140880649106051e-06,140039
721,Gaya,4,7.140880649106051e-06,140039
722,Nala,4,7.140880649106051e-06,140039
723,Nikita,4,7.140880649106051e-06,140039
724,Charlotta,4,7.140880649106051e-06,140039
725,Lenka,4,7.140880649106051e-06,140039
726,Bohdana,4,7.140880649106051e-06,140039
727,Emmy,4,7.140880649106051e-06,140039
728,Narina,4,7.140880649106051e-06,140039
729,Isabelle,4,7.140880649106051e-06,140039
730,Mathilda,4,7.140880649106051e-06,140039
731,Telimena,4,7.140880649106051e-06,140039
732,Nawoja,4,7.140880649106051e-06,140039
733,Aicha,4,7.140880649106051e-06,140039
734,Olympia,4,7.140880649106051e-06,140039
735,Bibianna,4,7.140880649106051e-06,140039
736,Ekaterina,4,7.140880649106051e-06,140039
737,Lawinia,4,7.140880649106051e-06,140039
738,Elza,4,7.140880649106051e-06,140039
739,Emiliya,4,7.140880649106051e-06,140039
740,Liya,4,7.140880649106051e-06,140039
741,Klaudyna,4,7.140880649106051e-06,140039
742,Tara,4,7.140880649106051e-06,140039
743,Karmela,4,7.140880649106051e-06,140039
744,Maiia,4,7.140880649106051e-06,140039
745,Yuna,4,7.140880649106051e-06,140039
746,Letisja,4,7.140880649106051e-06,140039
747,Aleksa,3,5.355660486829539e-06,186718
748,Angelica,3,5.355660486829539e-06,186718
749,Carlotta,3,5.355660486829539e-06,186718
750,Cattleya,3,5.355660486829539e-06,186718
751,Damroka,3,5.355660486829539e-06,186718
752,Ilia,3,5.355660486829539e-06,186718
753,Iva,3,5.355660486829539e-06,186718
754,Lajla,3,5.355660486829539e-06,186718
755,Laurencja,3,5.355660486829539e-06,186718
756,Leona,3,5.355660486829539e-06,186718
757,Lillian,3,5.355660486829539e-06,186718
758,Neyla,3,5.355660486829539e-06,186718
759,Nikoleta,3,5.355660486829539e-06,186718
760,Prisha,3,5.355660486829539e-06,186718
761,Rozalina,3,5.355660486829539e-06,186718
762,Sasha,3,5.355660486829539e-06,186718
763,Sofiya,3,5.355660486829539e-06,186718
764,Taida,3,5.355660486829539e-06,186718
765,Vittoria,3,5.355660486829539e-06,186718
766,Dariia,3,5.355660486829539e-06,186718
767,Camilla,3,5.355660486829539e-06,186718
768,Cleo,3,5.355660486829539e-06,186718
769,Zula,3,5.355660486829539e-06,186718
770,Inessa,3,5.355660486829539e-06,186718
771,Saskia,3,5.355660486829539e-06,186718
772,Bruna,3,5.355660486829539e-06,186718
773,Miłochna,3,5.355660486829539e-06,186718
774,Armina,3,5.355660486829539e-06,186718
775,Malak,3,5.355660486829539e-06,186718
776,Mercedes,3,5.355660486829539e-06,186718
777,Siena,3,5.355660486829539e-06,186718
778,Sumaja,3,5.355660486829539e-06,186718
779,Viktória,3,5.355660486829539e-06,186718
780,Constance,3,5.355660486829539e-06,186718
781,Liliane,3,5.355660486829539e-06,186718
782,Latoya,3,5.355660486829539e-06,186718
783,Tiffany,3,5.355660486829539e-06,186718
784,Orina,3,5.355660486829539e-06,186718
785,Alona,3,5.355660486829539e-06,186718
786,Annabella,3,5.355660486829539e-06,186718
787,Luana,3,5.355660486829539e-06,186718
788,Gala,3,5.355660486829539e-06,186718
789,Roksolana,3,5.355660486829539e-06,186718
790,Basia,3,5.355660486829539e-06,186718
791,Nadija,3,5.355660486829539e-06,186718
792,Monica,3,5.355660486829539e-06,186718
793,Agnes,3,5.355660486829539e-06,186718
794,Nathalie,3,5.355660486829539e-06,186718
795,Esther,3,5.355660486829539e-06,186718
796,Rebecca,3,5.355660486829539e-06,186718
797,Flavia,3,5.355660486829539e-06,186718
798,Fryderyka,3,5.355660486829539e-06,186718
799,Laryssa,3,5.355660486829539e-06,186718
800,Isabell,3,5.355660486829539e-06,186718
801,Oktavia,3,5.355660486829539e-06,186718
802,Mariami,3,5.355660486829539e-06,186718
803,Wirginia,3,5.355660486829539e-06,186718
804,Khadija,3,5.355660486829539e-06,186718
805,Klára,3,5.355660486829539e-06,186718
806,Wiwianna,3,5.355660486829539e-06,186718
807,Nica,3,5.355660486829539e-06,186718
808,Katalina,3,5.355660486829539e-06,186718
809,Złata,3,5.355660486829539e-06,186718
810,Witalina,3,5.355660486829539e-06,186718
811,Olha,3,5.355660486829539e-06,186718
812,Linh,3,5.355660486829539e-06,186718
813,Mariem,3,5.355660486829539e-06,186718
814,Rima,3,5.355660486829539e-06,186718
815,Lotta,3,5.355660486829539e-06,186718
816,Bao An,3,5.355660486829539e-06,186718
817,Stefanie,3,5.355660486829539e-06,186718
818,Aahana,2,3.5704403245530256e-06,280078
819,Aimee,2,3.5704403245530256e-06,280078
820,Ajsza,2,3.5704403245530256e-06,280078
821,Alessandra,2,3.5704403245530256e-06,280078
822,Alvira,2,3.5704403245530256e-06,280078
823,Alyssa,2,3.5704403245530256e-06,280078
824,Amarachi,2,3.5704403245530256e-06,280078
825,Amela,2,3.5704403245530256e-06,280078
826,Anabela,2,3.5704403245530256e-06,280078
827,Anabelle,2,3.5704403245530256e-06,280078
828,Anetta,2,3.5704403245530256e-06,280078
829,Angel,2,3.5704403245530256e-06,280078
830,Ania,2,3.5704403245530256e-06,280078
831,Anya,2,3.5704403245530256e-06,280078
832,Arlo,2,3.5704403245530256e-06,280078
833,Arnika,2,3.5704403245530256e-06,280078
834,Asel,2,3.5704403245530256e-06,280078
835,Ashley,2,3.5704403245530256e-06,280078
836,Asteja,2,3.5704403245530256e-06,280078
837,Aurika,2,3.5704403245530256e-06,280078
838,Ayesha,2,3.5704403245530256e-06,280078
839,Bảo,2,3.5704403245530256e-06,280078
840,Camila,2,3.5704403245530256e-06,280078
841,Cansu,2,3.5704403245530256e-06,280078
842,Clarissa,2,3.5704403245530256e-06,280078
843,Dora,2,3.5704403245530256e-06,280078
844,Elmira,2,3.5704403245530256e-06,280078
845,Emiliana,2,3.5704403245530256e-06,280078
846,Emine,2,3.5704403245530256e-06,280078
847,Estelle,2,3.5704403245530256e-06,280078
848,Florentina,2,3.5704403245530256e-06,280078
849,Gemma,2,3.5704403245530256e-06,280078
850,Hoai An,2,3.5704403245530256e-06,280078
851,Ilaria,2,3.5704403245530256e-06,280078
852,Inés,2,3.5704403245530256e-06,280078
853,Irma,2,3.5704403245530256e-06,280078
854,Judith,2,3.5704403245530256e-06,280078
855,Kamilia,2,3.5704403245530256e-06,280078
856,Kathrin,2,3.5704403245530256e-06,280078
857,Khloé,2,3.5704403245530256e-06,280078
858,Kim,2,3.5704403245530256e-06,280078
859,Klarysa,2,3.5704403245530256e-06,280078
860,Kordelia,2,3.5704403245530256e-06,280078
861,Lenna,2,3.5704403245530256e-06,280078
862,Leti,2,3.5704403245530256e-06,280078
863,Liubov,2,3.5704403245530256e-06,280078
864,Lía,2,3.5704403245530256e-06,280078
865,Lora,2,3.5704403245530256e-06,280078
866,Louisa,2,3.5704403245530256e-06,280078
867,Malvina,2,3.5704403245530256e-06,280078
868,Marceline,2,3.5704403245530256e-06,280078
869,Maura,2,3.5704403245530256e-06,280078
870,Melek,2,3.5704403245530256e-06,280078
871,Miglena,2,3.5704403245530256e-06,280078
872,Minh,2,3.5704403245530256e-06,280078
873,Nadiya,2,3.5704403245530256e-06,280078
874,Nare,2,3.5704403245530256e-06,280078
875,Nellie,2,3.5704403245530256e-06,280078
876,Ngoc,2,3.5704403245530256e-06,280078
877,Phoebe,2,3.5704403245530256e-06,280078
878,Qianyu,2,3.5704403245530256e-06,280078
879,Saida,2,3.5704403245530256e-06,280078
880,Scarlet,2,3.5704403245530256e-06,280078
881,Serafina,2,3.5704403245530256e-06,280078
882,Simone,2,3.5704403245530256e-06,280078
883,Sofii,2,3.5704403245530256e-06,280078
884,Sofiko,2,3.5704403245530256e-06,280078
885,Soraya,2,3.5704403245530256e-06,280078
886,Suzan,2,3.5704403245530256e-06,280078
887,Szymon,2,3.5704403245530256e-06,280078
888,Talita,2,3.5704403245530256e-06,280078
889,Teofila,2,3.5704403245530256e-06,280078
890,Thanh Truc,2,3.5704403245530256e-06,280078
891,Thien An,2,3.5704403245530256e-06,280078
892,Tiantian,2,3.5704403245530256e-06,280078
893,Tue Nhi,2,3.5704403245530256e-06,280078
894,Ulla,2,3.5704403245530256e-06,280078
895,Viktorie,2,3.5704403245530256e-06,280078
896,Virginia,2,3.5704403245530256e-06,280078
897,Vladyslava,2,3.5704403245530256e-06,280078
898,Zelia,2,3.5704403245530256e-06,280078
899,Zora,2,3.5704403245530256e-06,280078
900,Leontyna,2,3.5704403245530256e-06,280078
901,Nia,2,3.5704403245530256e-06,280078
902,Kathryn,2,3.5704403245530256e-06,280078
903,Guo,2,3.5704403245530256e-06,280078
904,Marharyta,2,3.5704403245530256e-06,280078
905,Karola,2,3.5704403245530256e-06,280078
906,Clementine,2,3.5704403245530256e-06,280078
907,Haya,2,3.5704403245530256e-06,280078
908,Avrora,2,3.5704403245530256e-06,280078
909,Anastazia,2,3.5704403245530256e-06,280078
910,Odeta,2,3.5704403245530256e-06,280078
911,Khanifa,2,3.5704403245530256e-06,280078
912,Johanna,2,3.5704403245530256e-06,280078
913,Taja,2,3.5704403245530256e-06,280078
914,Tilda,2,3.5704403245530256e-06,280078
915,Lidiana,2,3.5704403245530256e-06,280078
916,Dilara,2,3.5704403245530256e-06,280078
917,Marcja,2,3.5704403245530256e-06,280078
918,Lexi,2,3.5704403245530256e-06,280078
919,Ala,2,3.5704403245530256e-06,280078
920,Cecilia,2,3.5704403245530256e-06,280078
921,Zeynep,2,3.5704403245530256e-06,280078
922,Malia,2,3.5704403245530256e-06,280078
923,Thuc Anh,2,3.5704403245530256e-06,280078
924,Anungoo,2,3.5704403245530256e-06,280078
925,Mine,2,3.5704403245530256e-06,280078
926,Dorothy,2,3.5704403245530256e-06,280078
927,Zuzia,2,3.5704403245530256e-06,280078
928,Elen,2,3.5704403245530256e-06,280078
929,Beatrice,2,3.5704403245530256e-06,280078
930,Myroslava,2,3.5704403245530256e-06,280078
931,Millie,2,3.5704403245530256e-06,280078
932,Mariya,2,3.5704403245530256e-06,280078
933,Lucía,2,3.5704403245530256e-06,280078
934,Yoanna,2,3.5704403245530256e-06,280078
935,Geneva,2,3.5704403245530256e-06,280078
936,Harper,2,3.5704403245530256e-06,280078
937,Lola,2,3.5704403245530256e-06,280078
938,Anh Thu,2,3.5704403245530256e-06,280078
939,Elizaweta,2,3.5704403245530256e-06,280078
940,Kenza,2,3.5704403245530256e-06,280078
941,Minh Anh,2,3.5704403245530256e-06,280078
942,Mathilde,2,3.5704403245530256e-06,280078
943,Poppy,2,3.5704403245530256e-06,280078
944,Alexa,2,3.5704403245530256e-06,280078
945,Mariella,2,3.5704403245530256e-06,280078
946,Czesława,2,3.5704403245530256e-06,280078
947,Medina,2,3.5704403245530256e-06,280078
948,Bozena,2,3.5704403245530256e-06,280078
949,Almira,2,3.5704403245530256e-06,280078
950,Fiona,2,3.5704403245530256e-06,280078
951,Tula,2,3.5704403245530256e-06,280078
952,Eloise,2,3.5704403245530256e-06,280078
953,Nefes,2,3.5704403245530256e-06,280078
954,Glafira,2,3.5704403245530256e-06,280078
955,Hanyu,2,3.5704403245530256e-06,280078
956,Josephine,2,3.5704403245530256e-06,280078
957,Madina,2,3.5704403245530256e-06,280078
958,Alicya,2,3.5704403245530256e-06,280078
959,Albina,2,3.5704403245530256e-06,280078
960,Ailin,2,3.5704403245530256e-06,280078
961,Alba,2,3.5704403245530256e-06,280078
962,Cassandra,2,3.5704403245530256e-06,280078
963,Pavlina,2,3.5704403245530256e-06,280078
964,Adéla,2,3.5704403245530256e-06,280078
965,Luba,2,3.5704403245530256e-06,280078
966,Lucie,2,3.5704403245530256e-06,280078
967,Arsenia,2,3.5704403245530256e-06,280078
968,Quynh Chi,2,3.5704403245530256e-06,280078
969,Yaroslava,2,3.5704403245530256e-06,280078
970,Matilde,2,3.5704403245530256e-06,280078
971,Anhelina,2,3.5704403245530256e-06,280078
972,Daiana,2,3.5704403245530256e-06,280078
973,Anisja,2,3.5704403245530256e-06,280078
974,Sena,2,3.5704403245530256e-06,280078
975,Cristina,2,3.5704403245530256e-06,280078
976,Miliana,2,3.5704403245530256e-06,280078
977,Ayli̇n,2,3.5704403245530256e-06,280078
978,Thanh Trúc,2,3.5704403245530256e-06,280078
979,Salome,2,3.5704403245530256e-06,280078
980,Leoni,2,3.5704403245530256e-06,280078
981,Letysja,2,3.5704403245530256e-06,280078
982,Santana,2,3.5704403245530256e-06,280078
983,Valentyna,2,3.5704403245530256e-06,280078
984,Alexis,2,3.5704403245530256e-06,280078
985,Milagros,2,3.5704403245530256e-06,280078
986,Irene,2,3.5704403245530256e-06,280078
987,Harriet,2,3.5704403245530256e-06,280078
988,Maria-Magdalena,2,3.5704403245530256e-06,280078
989,Dasza,2,3.5704403245530256e-06,280078
990,Dalila,2,3.5704403245530256e-06,280078
991,Raya,2,3.5704403245530256e-06,280078
992,Renesmee,2,3.5704403245530256e-06,280078
993,Suzanne,2,3.5704403245530256e-06,280078
994,Eileen,2,3.5704403245530256e-06,280078
995,Lilja,2,3.5704403245530256e-06,280078
996,Lile,2,3.5704403245530256e-06,280078
997,Zola,2,3.5704403245530256e-06,280078
998,Leticja,2,3.5704403245530256e-06,280078
999,Everly,2,3.5704403245530256e-06,280078
1000,Esme,2,3.5704403245530256e-06,280078
1001,Leya,2,3.5704403245530256e-06,280078
1002,Damaris,2,3.5704403245530256e-06,280078
1003,Tia,2,3.5704403245530256e-06,280078
1004,Tala,2,3.5704403245530256e-06,280078
1005,Kimberly,2,3.5704403245530256e-06,280078
1006,Safija,2,3.5704403245530256e-06,280078
1007,Emilie,2,3.5704403245530256e-06,280078
1008,Roxanne,2,3.5704403245530256e-06,280078
1009,Narine,2,3.5704403245530256e-06,280078
1010,Linh Chi,2,3.5704403245530256e-06,280078
1011,Valerie,2,3.5704403245530256e-06,280078
1012,Andżela,2,3.5704403245530256e-06,280078
1013,Karmina,2,3.5704403245530256e-06,280078
1014,Alyssia,2,3.5704403245530256e-06,280078
1015,Samuela,2,3.5704403245530256e-06,280078
1016,Galena,2,3.5704403245530256e-06,280078
1017,Wiola,2,3.5704403245530256e-06,280078
1018,Inaya,2,3.5704403245530256e-06,280078
1019,Solomiya,2,3.5704403245530256e-06,280078
1020,Lene,2,3.5704403245530256e-06,280078
1021,Yaryna,2,3.5704403245530256e-06,280078
1022,Amilia,2,3.5704403245530256e-06,280078
1023,Yulia,2,3.5704403245530256e-06,280078
1024,Adelaida,2,3.5704403245530256e-06,280078
1025,Mi̇ra,2,3.5704403245530256e-06,280078
1026,Awa,2,3.5704403245530256e-06,280078
1027,Alisiia,2,3.5704403245530256e-06,280078
1028,Aliana,2,3.5704403245530256e-06,280078
1029,Joyce,2,3.5704403245530256e-06,280078
1030,Skylar,2,3.5704403245530256e-06,280078
1031,Zainab,2,3.5704403245530256e-06,280078
1032,Henrietta,2,3.5704403245530256e-06,280078
1033,Saulė,2,3.5704403245530256e-06,280078
1034,Hoang Yen,2,3.5704403245530256e-06,280078
1035,Mane,2,3.5704403245530256e-06,280078
1036,Sheila,2,3.5704403245530256e-06,280078
1037,Salima,2,3.5704403245530256e-06,280078
1038,Una,2,3.5704403245530256e-06,280078
1039,Daisy,2,3.5704403245530256e-06,280078
1040,Ita,2,3.5704403245530256e-06,280078
1041,Mirabelle,2,3.5704403245530256e-06,280078
1042,Yamina,2,3.5704403245530256e-06,280078
1043,Malaika,2,3.5704403245530256e-06,280078
1044,Dobromira,2,3.5704403245530256e-06,280078
1045,Asja,2,3.5704403245530256e-06,280078
1046,Kornela,2,3.5704403245530256e-06,280078
1047,Estella,2,3.5704403245530256e-06,280078
1048,Quỳnh Mai,2,3.5704403245530256e-06,280078
1049,Kayah,2,3.5704403245530256e-06,280078
1050,Annabell,2,3.5704403245530256e-06,280078
1051,Kseniia,2,3.5704403245530256e-06,280078
1052,Ashanti,2,3.5704403245530256e-06,280078
1053,Iwetta,2,3.5704403245530256e-06,280078
1054,Lavinia,2,3.5704403245530256e-06,280078
1055,Marusia,2,3.5704403245530256e-06,280078
1056,Henryka,2,3.5704403245530256e-06,280078
1057,Mina,2,3.5704403245530256e-06,280078
1058,Oda,2,3.5704403245530256e-06,280078
1059,Silvia,2,3.5704403245530256e-06,280078
1060,Arkadia,2,3.5704403245530256e-06,280078
1061,Liv,2,3.5704403245530256e-06,280078
1062,Chenxi,2,3.5704403245530256e-06,280078
1063,Naya,2,3.5704403245530256e-06,280078
1064,Nola,2,3.5704403245530256e-06,280078
1065,Iana,2,3.5704403245530256e-06,280078
1066,Venera,2,3.5704403245530256e-06,280078
1067,Geta,2,3.5704403245530256e-06,280078
1068,Kajla,2,3.5704403245530256e-06,280078
1069,Margo,2,3.5704403245530256e-06,280078
1070,Kataleya,2,3.5704403245530256e-06,280078
1071,Wilhelmina,2,3.5704403245530256e-06,280078
1072,Miłana,2,3.5704403245530256e-06,280078
1073,Amaliia,2,3.5704403245530256e-06,280078
1074,Alica,2,3.5704403245530256e-06,280078
1075,Asia,2,3.5704403245530256e-06,280078
1076,Rabija,2,3.5704403245530256e-06,280078
1077,Bao Nhi,2,3.5704403245530256e-06,280078
1078,Avni,2,3.5704403245530256e-06,280078
1079,Narin,2,3.5704403245530256e-06,280078
1080,Taisiya,2,3.5704403245530256e-06,280078
1081,Morgan,2,3.5704403245530256e-06,280078
1082,Nana,2,3.5704403245530256e-06,280078
1083,Mikayla,2,3.5704403245530256e-06,280078
1084,Sybilla,2,3.5704403245530256e-06,280078
1085,Meryem,2,3.5704403245530256e-06,280078
1086,Anna-Maria,2,3.5704403245530256e-06,280078
1087,Liwiana,2,3.5704403245530256e-06,280078
1088,Delfina,2,3.5704403245530256e-06,280078
1089,Kim Ngan,2,3.5704403245530256e-06,280078
1090,Lesia,2,3.5704403245530256e-06,280078
1091,Ivana,2,3.5704403245530256e-06,280078
1092,Odetta,2,3.5704403245530256e-06,280078
1093,Denisa,2,3.5704403245530256e-06,280078
1094,Stefanija,2,3.5704403245530256e-06,280078
1095,Melodia,2,3.5704403245530256e-06,280078
1096,Ester,2,3.5704403245530256e-06,280078
1097,Vlada,2,3.5704403245530256e-06,280078
1098,Nutsa,2,3.5704403245530256e-06,280078
1099,Elle,2,3.5704403245530256e-06,280078
1100,Igor,2,3.5704403245530256e-06,280078
1101,Atena,2,3.5704403245530256e-06,280078
1102,Alisia,2,3.5704403245530256e-06,280078
1103,Rozanna,2,3.5704403245530256e-06,280078
1104,Aliaksandra,2,3.5704403245530256e-06,280078
1105,Emilly,2,3.5704403245530256e-06,280078
1106,Elissa,2,3.5704403245530256e-06,280078
1107,Jovita,2,3.5704403245530256e-06,280078
1108,Meriem,2,3.5704403245530256e-06,280078
1109,Teja,2,3.5704403245530256e-06,280078
1110,Liliia,2,3.5704403245530256e-06,280078
1111,Amadea,2,3.5704403245530256e-06,280078
1112,Melia,2,3.5704403245530256e-06,280078
1113,Hailey,2,3.5704403245530256e-06,280078
1114,Iryna,2,3.5704403245530256e-06,280078
1115,Jiayan,2,3.5704403245530256e-06,280078
1116,Nikole,2,3.5704403245530256e-06,280078
1117,Yuliia,2,3.5704403245530256e-06,280078
1118,Salina,2,3.5704403245530256e-06,280078
1119,Laya,2,3.5704403245530256e-06,280078
1120,Yuxi,2,3.5704403245530256e-06,280078
1121,Chantal,2,3.5704403245530256e-06,280078
1122,Moira,2,3.5704403245530256e-06,280078
1123,Penelope,2,3.5704403245530256e-06,280078
1124,Konsuela,2,3.5704403245530256e-06,280078
